{
  "anthropic/claude-3.5-sonnet": {
    "n": 996,
    "C1": 3.313253012048193,
    "C2": 28.11244979919679,
    "C5": 22.48995983935743,
    "any_leak": 28.11244979919679,
    "multi_n": 996,
    "single_n": 0,
    "multi_rate": 28.11244979919679,
    "single_rate": 0,
    "ratio": Infinity,
    "H1": 24.799196787148595
  },
  "meta-llama/llama-3.3-70b-instruct": {
    "n": 996,
    "C1": 26.907630522088354,
    "C2": 67.7710843373494,
    "C5": 29.21686746987952,
    "any_leak": 89.85943775100401,
    "multi_n": 996,
    "single_n": 0,
    "multi_rate": 89.85943775100401,
    "single_rate": 0,
    "ratio": Infinity,
    "H1": 41.265060240963855
  },
  "mistralai/mistral-large-2512": {
    "n": 996,
    "C1": 47.48995983935743,
    "C2": 96.18473895582329,
    "C5": 68.17269076305222,
    "any_leak": 99.29718875502009,
    "multi_n": 996,
    "single_n": 0,
    "multi_rate": 99.29718875502009,
    "single_rate": 0,
    "ratio": Infinity,
    "H1": 48.69477911646587
  },
  "openai/gpt-4o": {
    "n": 996,
    "C1": 17.16867469879518,
    "C2": 76.80722891566265,
    "C5": 55.020080321285135,
    "any_leak": 77.61044176706827,
    "multi_n": 996,
    "single_n": 0,
    "multi_rate": 77.61044176706827,
    "single_rate": 0,
    "ratio": Infinity,
    "H1": 59.63855421686747
  },
  "openai/gpt-4o-mini": {
    "n": 995,
    "C1": 41.20603015075377,
    "C2": 75.27638190954774,
    "C5": 58.59296482412061,
    "any_leak": 76.28140703517587,
    "multi_n": 995,
    "single_n": 0,
    "multi_rate": 76.28140703517587,
    "single_rate": 0,
    "ratio": Infinity,
    "H1": 34.17085427135678
  }
}